Date,Patient Name,Contact Number,age,sex,cp,trestbps,chol,fbs,restecg,thalach,exang,oldpeak,slope,ca,thal,Prediction,Risk Probability,Risk Level
2026-05-04 19:38,Ali Khan,03001234567,36.0,1.0,2.0,118.0,175.0,0.0,0.0,182.0,0.0,0.1,0.0,0.0,1.0,Heart Disease Risk Detected,97.14,High Risk
2026-05-04 19:38,Sara Ahmed,03111234567,50.0,1.0,1.0,138.0,218.0,0.0,1.0,148.0,0.0,1.6,1.0,1.0,2.0,Heart Disease Risk Detected,62.29,Medium Risk
2026-05-04 19:38,Ahmed Raza,03221234567,59.0,1.0,0.0,175.0,300.0,1.0,1.0,105.0,1.0,4.8,2.0,3.0,3.0,No Heart Disease Risk Detected,5.43,Low Risk
2026-05-04 19:48,Ali Khan,03001234567,32.0,0.0,3.0,108.0,155.0,0.0,0.0,188.0,0.0,0.0,0.0,0.0,1.0,Heart Disease Risk Detected,99.79,High Risk
2026-05-04 20:28,Ali Khan,03001234567,32.0,0.0,3.0,108.0,155.0,0.0,0.0,188.0,0.0,0.0,0.0,0.0,1.0,Heart Disease Risk Detected,99.79,High Risk
2026-06-02 15:18,Sara Ahmed,03111234567,50.0,1.0,1.0,138.0,218.0,0.0,1.0,148.0,0.0,1.6,1.0,1.0,2.0,No Heart Disease Risk Detected,39.18,Low Risk
2026-06-02 15:18,Ali Khan,03001234567,32.0,0.0,3.0,108.0,155.0,0.0,0.0,188.0,0.0,0.0,0.0,0.0,1.0,Heart Disease Risk Detected,99.79,High Risk
2026-06-02 15:18,Ahmed Raza,03221234567,68.0,1.0,0.0,190.0,340.0,1.0,2.0,88.0,1.0,6.2,2.0,4.0,3.0,No Heart Disease Risk Detected,0.0,Low Risk
2026-06-02 15:18,Ali Khan,03001234567,32.0,0.0,3.0,108.0,155.0,0.0,0.0,188.0,0.0,0.0,0.0,0.0,1.0,Heart Disease Risk Detected,99.79,High Risk
